{
  "design": {
    "size": 5,
    "z": 2.5,
    "dr": 10.0,
    "ty": -50,
    "gap": 5.0,
    "n": 3520,
    "area": 88000.0,
    "W": 5,
    "H": 5,
    "reach": 46.012599661469594,
    "rated": false
  },
  "monthly": {
    "1": {
      "eta": 0.5144510362942175,
      "cos": 0.7611481983987082,
      "sb": 0.8313727272727272,
      "trunc": 0.9384553638932772,
      "at": 0.9635349319627651,
      "power": 39529.230332718325,
      "ppa": 0.4491957992354355
    },
    "2": {
      "eta": 0.5441042033432717,
      "cos": 0.7747873180587883,
      "sb": 0.8558659090909091,
      "trunc": 0.9401950843261133,
      "at": 0.9635349319627651,
      "power": 45173.37301550709,
      "ppa": 0.513333784267126
    },
    "3": {
      "eta": 0.563704835546904,
      "cos": 0.7870619845953943,
      "sb": 0.8669045454545454,
      "trunc": 0.9416484635284974,
      "at": 0.9635349319627651,
      "power": 49351.94728437309,
      "ppa": 0.5608175827769669
    },
    "4": {
      "eta": 0.5767476388848543,
      "cos": 0.7956592405365359,
      "sb": 0.872090909090909,
      "trunc": 0.9427056618690937,
      "at": 0.9635349319627651,
      "power": 52237.88691117341,
      "ppa": 0.5936123512633342
    },
    "5": {
      "eta": 0.583676778908506,
      "cos": 0.7985145271490603,
      "sb": 0.8761022727272728,
      "trunc": 0.9431603523029992,
      "at": 0.9635349319627651,
      "power": 53670.77167820781,
      "ppa": 0.609895132706907
    },
    "6": {
      "eta": 0.5856303943327192,
      "cos": 0.7988252744552814,
      "sb": 0.8775772727272727,
      "trunc": 0.9432643560535132,
      "at": 0.9635349319627651,
      "power": 54078.69235995926,
      "ppa": 0.6145305949995371
    },
    "7": {
      "eta": 0.5836349504839339,
      "cos": 0.798497304847477,
      "sb": 0.8760999999999999,
      "trunc": 0.9431563562071659,
      "at": 0.9635349319627651,
      "power": 53658.87645165494,
      "ppa": 0.6097599596778971
    },
    "8": {
      "eta": 0.5762365269818773,
      "cos": 0.7953896817676143,
      "sb": 0.8718409090909092,
      "trunc": 0.9426693251053357,
      "at": 0.9635349319627651,
      "power": 52131.844257921,
      "ppa": 0.5924073211127386
    },
    "9": {
      "eta": 0.5628280320706931,
      "cos": 0.7864899683442178,
      "sb": 0.866465909090909,
      "trunc": 0.941581149422953,
      "at": 0.9635349319627651,
      "power": 49163.644083133186,
      "ppa": 0.558677773671968
    },
    "10": {
      "eta": 0.5402158588116995,
      "cos": 0.7731228496414427,
      "sb": 0.8526113636363636,
      "trunc": 0.9399924633312604,
      "at": 0.9635349319627651,
      "power": 44488.5517102999,
      "ppa": 0.5055517239806807
    },
    "11": {
      "eta": 0.51177268246656,
      "cos": 0.7599399071075987,
      "sb": 0.829,
      "trunc": 0.9382905689765467,
      "at": 0.9635349319627651,
      "power": 38996.038485449535,
      "ppa": 0.44313680097101743
    },
    "12": {
      "eta": 0.49835483297683475,
      "cos": 0.754929240955948,
      "sb": 0.8154636363636364,
      "trunc": 0.9375834838880552,
      "at": 0.9635349319627651,
      "power": 36553.92437237797,
      "ppa": 0.4153855042315679
    }
  },
  "annual": {
    "eta": 0.5534464809251727,
    "cos": 0.7820304579881722,
    "sb": 0.857616287878788,
    "trunc": 0.9410585524087342,
    "at": 0.9635349319627653,
    "power": 47.41956507856463,
    "ppa": 0.538858694074598
  },
  "candidates": [
    {
      "size": 7,
      "z": 3.5,
      "dr": 12.0,
      "ty": 0,
      "n": 2475,
      "area": 121275.0,
      "rated": false,
      "power": 52.11357954638302,
      "ppa": 0.42971411705943535,
      "eta": 0.4404840423097527
    },
    {
      "size": 7,
      "z": 3.5,
      "dr": 12.0,
      "ty": -100,
      "n": 2449,
      "area": 120001.0,
      "rated": false,
      "power": 51.82472692833792,
      "ppa": 0.4318691254934368,
      "eta": 0.44325576798227867
    },
    {
      "size": 7,
      "z": 5.0,
      "dr": 12.0,
      "ty": 0,
      "n": 2475,
      "area": 121275.0,
      "rated": false,
      "power": 51.67758309212793,
      "ppa": 0.42611901127295765,
      "eta": 0.43682916485212747
    },
    {
      "size": 7,
      "z": 6.0,
      "dr": 12.0,
      "ty": 0,
      "n": 2475,
      "area": 121275.0,
      "rated": false,
      "power": 51.3809970088632,
      "ppa": 0.423673444723671,
      "eta": 0.4343466492710026
    },
    {
      "size": 7,
      "z": 5.0,
      "dr": 12.0,
      "ty": -100,
      "n": 2449,
      "area": 120001.0,
      "rated": false,
      "power": 51.35776816310314,
      "ppa": 0.4279778348772354,
      "eta": 0.4392783277935846
    },
    {
      "size": 6,
      "z": 3.0,
      "dr": 11.0,
      "ty": 0,
      "n": 2964,
      "area": 106704.0,
      "rated": false,
      "power": 51.121008668921995,
      "ppa": 0.479091774150191,
      "eta": 0.49130262985520434
    },
    {
      "size": 7,
      "z": 6.0,
      "dr": 12.0,
      "ty": -100,
      "n": 2449,
      "area": 120001.0,
      "rated": false,
      "power": 51.03270776974698,
      "ppa": 0.42526902083938456,
      "eta": 0.4365040220835281
    },
    {
      "size": 6,
      "z": 3.0,
      "dr": 11.0,
      "ty": -100,
      "n": 2917,
      "area": 105012.0,
      "rated": false,
      "power": 50.9978583143506,
      "ppa": 0.48563838717813773,
      "eta": 0.4988037168963457
    },
    {
      "size": 6,
      "z": 3.0,
      "dr": 11.0,
      "ty": -50,
      "n": 2903,
      "area": 104508.0,
      "rated": false,
      "power": 50.85675577739167,
      "ppa": 0.48663026540926696,
      "eta": 0.49944186498324084
    },
    {
      "size": 6,
      "z": 4.0,
      "dr": 11.0,
      "ty": 0,
      "n": 2964,
      "area": 106704.0,
      "rated": false,
      "power": 50.84110148792304,
      "ppa": 0.47646856245242025,
      "eta": 0.48863230762560644
    },
    {
      "size": 6,
      "z": 4.0,
      "dr": 11.0,
      "ty": -100,
      "n": 2917,
      "area": 105012.0,
      "rated": false,
      "power": 50.72123448197599,
      "ppa": 0.48300417554161434,
      "eta": 0.49610927601244953
    },
    {
      "size": 6,
      "z": 4.0,
      "dr": 11.0,
      "ty": -50,
      "n": 2903,
      "area": 104508.0,
      "rated": false,
      "power": 50.58889519791101,
      "ppa": 0.4840672024908237,
      "eta": 0.49683205635516653
    },
    {
      "size": 7,
      "z": 3.5,
      "dr": 12.0,
      "ty": -150,
      "n": 2443,
      "area": 119707.0,
      "rated": false,
      "power": 50.519839703233856,
      "ppa": 0.4220291186249246,
      "eta": 0.4334092170042751
    },
    {
      "size": 6,
      "z": 6.0,
      "dr": 11.0,
      "ty": 0,
      "n": 2964,
      "area": 106704.0,
      "rated": false,
      "power": 50.284980285648224,
      "ppa": 0.4712567503153418,
      "eta": 0.4833291306766681
    },
    {
      "size": 6,
      "z": 6.0,
      "dr": 11.0,
      "ty": -100,
      "n": 2917,
      "area": 105012.0,
      "rated": false,
      "power": 50.17441532130831,
      "ppa": 0.47779696912075115,
      "eta": 0.4907815691062167
    },
    {
      "size": 6,
      "z": 6.0,
      "dr": 11.0,
      "ty": -50,
      "n": 2903,
      "area": 104508.0,
      "rated": false,
      "power": 50.05180080648374,
      "ppa": 0.47892793667933303,
      "eta": 0.4915908475526511
    },
    {
      "size": 7,
      "z": 5.0,
      "dr": 12.0,
      "ty": -150,
      "n": 2443,
      "area": 119707.0,
      "rated": false,
      "power": 50.02582080137293,
      "ppa": 0.41790221792687926,
      "eta": 0.42918179961352726
    },
    {
      "size": 6,
      "z": 3.0,
      "dr": 11.0,
      "ty": -150,
      "n": 2907,
      "area": 104652.0,
      "rated": false,
      "power": 50.00476112884596,
      "ppa": 0.477819450453369,
      "eta": 0.4911088868153803
    },
    {
      "size": 6,
      "z": 4.0,
      "dr": 11.0,
      "ty": -150,
      "n": 2907,
      "area": 104652.0,
      "rated": false,