{
  "design": {
    "zones": [
      [
        300.0,
        5,
        2.5,
        10.0
      ],
      [
        350.0,
        6,
        3.0,
        11.0
      ]
    ],
    "tower": [
      0.0,
      0.0
    ],
    "n": 3436,
    "area": 96163.0,
    "rated": false
  },
  "monthly": {
    "1": {
      "eta": 0.4774629600052946,
      "cos": 0.7167280271492741,
      "sb": 0.8353178665391056,
      "trunc": 0.916275279272794,
      "at": 0.9631803292914325,
      "power": 40086.54041867975,
      "ppa": 0.4168603352503536
    },
    "2": {
      "eta": 0.5091116817283087,
      "cos": 0.7367321629335783,
      "sb": 0.8568737664174371,
      "trunc": 0.9197629059766033,
      "at": 0.9631803292914325,
      "power": 46188.799719614595,
      "ppa": 0.48031779083030474
    },
    "3": {
      "eta": 0.5313515678645773,
      "cos": 0.7569584677181862,
      "sb": 0.8631378804737789,
      "trunc": 0.9226833349717921,
      "at": 0.9631803292914325,
      "power": 50832.18741988643,
      "ppa": 0.5286044260254613
    },
    "4": {
      "eta": 0.5475350753287055,
      "cos": 0.7747632340950313,
      "sb": 0.863035803791479,
      "trunc": 0.9249045073723433,
      "at": 0.9631803292914325,
      "power": 54189.07153118262,
      "ppa": 0.5635126975154958
    },
    "5": {
      "eta": 0.5562067871600853,
      "cos": 0.7845305626348512,
      "sb": 0.8622068779052234,
      "trunc": 0.9260215881491496,
      "at": 0.9631803292914325,
      "power": 55886.67274195539,
      "ppa": 0.5811660695065191
    },
    "6": {
      "eta": 0.5591592397535093,
      "cos": 0.7875093291717354,
      "sb": 0.8624416459553051,
      "trunc": 0.926350863498226,
      "at": 0.9631803292914325,
      "power": 56422.0676813146,
      "ppa": 0.5867336468424924
    },
    "7": {
      "eta": 0.55613142253798,
      "cos": 0.7844276187656346,
      "sb": 0.8622380749352662,
      "trunc": 0.9260101211080103,
      "at": 0.9631803292914325,
      "power": 55870.68896517185,
      "ppa": 0.5809998540516815
    },
    "8": {
      "eta": 0.5469167318848155,
      "cos": 0.7740751602421589,
      "sb": 0.8631180807587118,
      "trunc": 0.9248234162359974,
      "at": 0.9631803292914325,
      "power": 54065.90119092415,
      "ppa": 0.5622318479136899
    },
    "9": {
      "eta": 0.5303177928105661,
      "cos": 0.7559337448251339,
      "sb": 0.862953277248006,
      "trunc": 0.9225467463589089,
      "at": 0.9631803292914325,
      "power": 50618.33344292153,
      "ppa": 0.5263805563774168
    },
    "10": {
      "eta": 0.5050910631039214,
      "cos": 0.7341888870343669,
      "sb": 0.854298638769589,
      "trunc": 0.9193573186404022,
      "at": 0.9631803292914325,
      "power": 45453.43640665652,
      "ppa": 0.4726707403747441
    },
    "11": {
      "eta": 0.47454538170392346,
      "cos": 0.7150320734793161,
      "sb": 0.8329069600574026,
      "trunc": 0.9159442148709978,
      "at": 0.9631803292914325,
      "power": 39509.50004226704,
      "ppa": 0.4108596865974132
    },
    "12": {
      "eta": 0.4598674762625003,
      "cos": 0.7081026207122557,
      "sb": 0.8185969239728378,
      "trunc": 0.9145228995062172,
      "at": 0.9631803292914325,
      "power": 36858.33744125486,
      "ppa": 0.3832902201600913
    }
  },
  "annual": {
    "eta": 0.5211414316786823,
    "cos": 0.7524151573967934,
    "sb": 0.8530938164020118,
    "trunc": 0.9216002663301203,
    "at": 0.9631803292914326,
    "power": 48.83179475015245,
    "ppa": 0.5078023226204719
  },
  "note": "Two-zone design: inner 5x5m (within 300m), outer 6x6m. Score = min(P,60) * ppa selects this over uniform 5x5."
}