{
  "monthly": {
    "1": {
      "eta": 0.5190875776051722,
      "cos": 0.719935764230188,
      "sb": 0.914260171919771,
      "trunc": 0.8987468305549313,
      "at": 0.9651603367995298,
      "power": 28442.996706585098,
      "ppa": 0.45276976610291464
    },
    "2": {
      "eta": 0.5494267911872065,
      "cos": 0.7404403532037784,
      "sb": 0.93316217765043,
      "trunc": 0.9014939878506821,
      "at": 0.9651603367995298,
      "power": 32548.73811181308,
      "ppa": 0.5181269995513066
    },
    "3": {
      "eta": 0.5694348502920468,
      "cos": 0.7611400153929363,
      "sb": 0.9363025787965616,
      "trunc": 0.9038160187678509,
      "at": 0.9651603367995298,
      "power": 35586.94201535099,
      "ppa": 0.5664906401679559
    },
    "4": {
      "eta": 0.5865877561964232,
      "cos": 0.7793399687370515,
      "sb": 0.9378017191977077,
      "trunc": 0.9056062227122655,
      "at": 0.9651603367995298,
      "power": 37925.50768251877,
      "ppa": 0.6037170914122695
    },
    "5": {
      "eta": 0.5960748373641116,
      "cos": 0.7893169789883201,
      "sb": 0.938420630372493,
      "trunc": 0.9065164362832135,
      "at": 0.9651603367995298,
      "power": 39126.49076763996,
      "ppa": 0.6228349374027373
    },
    "6": {
      "eta": 0.5988012125821963,
      "cos": 0.7923588160987859,
      "sb": 0.9383151862464183,
      "trunc": 0.9067860214841573,
      "at": 0.9651603367995298,
      "power": 39472.135820122385,
      "ppa": 0.6283370872353133
    },
    "7": {
      "eta": 0.5959966990040619,
      "cos": 0.7892118485227696,
      "sb": 0.938443553008596,
      "trunc": 0.906507058255297,
      "at": 0.9651603367995298,
      "power": 39115.498324382104,
      "ppa": 0.6226599542244843
    },
    "8": {
      "eta": 0.5858948843761036,
      "cos": 0.77863694634725,
      "sb": 0.9377237822349571,
      "trunc": 0.9055404146550913,
      "at": 0.9651603367995298,
      "power": 37837.22731817518,
      "ppa": 0.6023118006713655
    },
    "9": {
      "eta": 0.568475582513057,
      "cos": 0.7600919805120643,
      "sb": 0.9362567335243555,
      "trunc": 0.9037067090709098,
      "at": 0.9651603367995298,
      "power": 35446.507611482055,
      "ppa": 0.5642551354900041
    },
    "10": {
      "eta": 0.5466274535072397,
      "cos": 0.7378354064925949,
      "sb": 0.9322269340974213,
      "trunc": 0.9011735175632708,
      "at": 0.9651603367995298,
      "power": 32115.23877514044,
      "ppa": 0.511226341533595
    },
    "11": {
      "eta": 0.5158617210600137,
      "cos": 0.7181956127447962,
      "sb": 0.911715759312321,
      "trunc": 0.8984866557729465,
      "at": 0.9651603367995298,
      "power": 28032.400325333896,
      "ppa": 0.4462336887191005
    },
    "12": {
      "eta": 0.5033639706449016,
      "cos": 0.7110822833457546,
      "sb": 0.9015839541547279,
      "trunc": 0.8973697950732493,
      "at": 0.9651603367995298,
      "power": 26332.578098240636,
      "ppa": 0.41917507319708114
    }
  },
  "annual": {
    "eta": 0.5613027780277111,
    "cos": 0.7564654978846909,
    "sb": 0.9296844317096467,
    "trunc": 0.9029791390036555,
    "at": 0.9651603367995297,
    "power": 34.331855129732055,
    "ppa": 0.5465115429756774
  },
  "total_area": 62820.0,
  "N": 1745
}